CustomerID,CustomerName,Gender,Age,Email,Phone,CustomerState,CustomerCity,JoinDate
C001,Roshan KC,Male,65,user1@mail.com,9846913810,Lumbini,Butwal,2023-05-23
C002,Sabina KC,Female,55,user2@mail.com,9866629388,Bagmati,Kathmandu,2023-04-06
C003,Nisha Thapa,Female,53,user3@mail.com,9836687537,Madhesh,Dharan,2023-08-14
C004,Anita Lama,Female,18,user4@mail.com,9831429110,Koshi,Janakpur,2023-10-12
C005,Hari Thapa,Male,24,user5@mail.com,9822448136,Koshi,Lalitpur,2024-01-03
C006,Gita Shrestha,Female,20,user6@mail.com,9871662963,Madhesh,Lalitpur,2024-01-23
C007,Sita Adhikari,Female,58,user7@mail.com,9893016315,Gandaki,Hetauda,2023-07-16
C008,Sabina KC,Female,60,user8@mail.com,9840587988,Gandaki,Lalitpur,2025-05-25
C009,Nisha KC,Female,35,user9@mail.com,9870855700,Gandaki,Pokhara,2024-01-15
C010,Pooja Thapa,Female,62,user10@mail.com,9896977837,Bagmati,Hetauda,2024-10-12
C011,Hari Adhikari,Male,28,,9872043515,Koshi,Biratnagar,2024-10-17
C012,Sabina Adhikari,Female,61,user12@mail.com,9853524491,Bagmati,Butwal,2025-04-21
C013,Aarav Shrestha,Male,35,user13@mail.com,9818883684,Lumbini,Hetauda,2025-06-16
C014,Sabina Shrestha,Female,59,user14@mail.com,9877005685,Koshi,Nepalgunj,2023-05-27
C015,Ramesh Rai,Male,65,user15@mail.com,9885345555,Madhesh,Biratnagar,2025-02-03
C016,Kiran Gurung,Female,41,user16@mail.com,9839436733,Lumbini,Bharatpur,2024-05-20
C017,Sita Sharma,Male,27,user17@mail.com,9894214382,Lumbini,Dharan,2024-09-02
C018,Sita Gurung,Female,56,user18@mail.com,9872820592,Madhesh,Biratnagar,2024-07-20
C019,Gita Sharma,Female,61,user19@mail.com,9882070937,Gandaki,Janakpur,2023-04-25
C020,Ramesh Gurung,Male,47,user20@mail.com,9810435578,Gandaki,Bharatpur,2025-02-19
C021,Hari Adhikari,Male,-5,user21@mail.com,9850056581,Madhesh,Hetauda,2023-07-23
C022,Hari Shrestha,Male,52,user22@mail.com,9881182864,Bagmati,Hetauda,2023-11-28
C023,Anita Sharma,Female,41,user23@mail.com,9851273847,Lumbini,Kathmandu,2023-09-04
C024,Prakash Lama,Male,23,user24@mail.com,9875228535,Bagmati,Bharatpur,2025-02-23
C025,Hari Rai,Male,53,user25@mail.com,9832162965,Gandaki,Bharatpur,2025-06-12
C026,Kiran Gurung,Male,52,user26@mail.com,9836998038,Gandaki,Dharan,2024-11-18
C027,Roshan Shrestha,Male,51,user27@mail.com,9870597444,Bagmati,Butwal,2023-08-19
C028,Sita Shrestha,Female,55,user28@mail.com,9884346088,Lumbini,Hetauda,2023-08-14
C029,Aarav KC,Male,32,user29@mail.com,9819046318,Bagmati,Janakpur,2023-03-14
C030,Smriti Thapa,Female,60,user30@mail.com,9875151231,Lumbini,Bharatpur,2023-05-16
C031,Sabina Lama,Female,33,user31@mail.com,9873481353,Koshi,,2023-04-07
C032,Sita Gurung,Female,45,user32@mail.com,9865177213,Koshi,Kathmandu,2024-11-20
C033,Roshan KC,Male,43,user33@mail.com,9855540424,Bagmati,Butwal,2023-07-16
C034,Nisha Adhikari,Female,26,user34@mail.com,9866623995,Lumbini,Biratnagar,2024-04-18
C035,Nisha KC,Female,53,user35@mail.com,9823141087,Bagmati,Bharatpur,2025-05-06
C036,Aarav KC,Male,28,user36@mail.com,9864547971,Koshi,Nepalgunj,2023-08-07
C037,Gita Gurung,Female,28,user37@mail.com,9860864911,Bagmati,Dharan,2023-09-29
C038,Prakash Pandey,Male,45,user38@mail.com,9884593961,Koshi,Pokhara,2023-07-14
C039,Ramesh Thapa,Male,55,user39@mail.com,9882772208,Bagmati,Janakpur,2023-02-28
C040,Aarav Lama,Male,50,user40@mail.com,9881286543,Lumbini,Kathmandu,2024-06-04
C041,Sita Rai,Female,56,user41@mail.com,9819121552,Lumbini,Dharan,2023-05-03
C042,Prakash Lama,Male,55,user42@mail.com,9889795010,Bagmati,Hetauda,2023-03-25
C043,Bikash Lama,Male,34,user43@mail.com,9837415205,Gandaki,Butwal,2023-09-29
C044,Bikash Rai,Male,47,user44@mail.com,9852436584,Bagmati,Kathmandu,2024-04-14
C045,Kiran Lama,Male,22,user45@mail.com,9882160068,Lumbini,Bharatpur,2023-09-29
C046,Hari Shrestha,Male,33,user46@mail.com,9859597086,Gandaki,Pokhara,2024-03-24
C047,Gita Adhikari,Female,57,user47@mail.com,9897775215,Madhesh,Kathmandu,2024-11-14
C048,Gita Adhikari,Female,60,user48@mail.com,9823903144,Lumbini,Biratnagar,2023-04-29
C049,Prakash KC,Male,35,user49@mail.com,9847816686,Madhesh,Butwal,2025-01-04
C050,Pooja Thapa,Female,50,user50@mail.com,9875569635,Gandaki,Kathmandu,2023-04-05
C051,Roshan Gurung,Male,20,user51@mail.com,9810475894,Gandaki,Pokhara,2024-10-14
C052,Ramesh Rai,Male,53,user52@mail.com,9867403166,Madhesh,Kathmandu,2023-04-25
C053,Sita Rai,Female,41,user53@mail.com,9888183110,Madhesh,Pokhara,2024-03-16
C054,Hari Sharma,Male,41,user54@mail.com,9815354599,Gandaki,Butwal,2024-11-29
C055,Nisha KC,Female,53,user55@mail.com,9864543049,Madhesh,Pokhara,2023-08-31
C056,Gita Rai,Female,44,user56@mail.com,9813326769,Lumbini,Janakpur,2025-03-12
C057,Prakash Gurung,Male,35,user57@mail.com,9831367172,Bagmati,Dharan,2025-06-12
C058,Aarav Pandey,Male,30,user58@mail.com,9871780854,Gandaki,Biratnagar,2025-04-20
C059,Suman Thapa,Male,19,user59@mail.com,9898588154,Lumbini,Dharan,2023-12-03
C060,Ramesh KC,Male,40,user60@mail.com,9896098221,Madhesh,Dharan,2024-11-26
C061,Gita Adhikari,Female,19,user61@mail.com,9825480907,Gandaki,Pokhara,2024-08-17
C062,Ramesh Sharma,Male,56,user62@mail.com,9868326160,Gandaki,Janakpur,2024-03-22
C063,Kiran Adhikari,Male,42,user63@mail.com,9887388337,Lumbini,Biratnagar,2023-02-15
C064,Sabina Gurung,Female,51,user64@mail.com,9882269803,Lumbini,Janakpur,2024-03-17
C065,Sita Shrestha,Female,60,user65@mail.com,9826726926,Gandaki,Bharatpur,2023-11-13
C066,Roshan Gurung,Male,43,user66@mail.com,9849682169,Madhesh,Pokhara,2023-07-16
C067,Bikash Gurung,Male,57,user67@mail.com,9886384014,Gandaki,Dharan,2024-07-15
C068,Gita Sharma,Female,36,user68@mail.com,9838210242,Koshi,Hetauda,2024-09-13
C069,Roshan Shrestha,Male,46,user69@mail.com,9869345683,Lumbini,Bharatpur,2024-04-29
C070,Suman Rai,Male,36,user70@mail.com,9879182797,Madhesh,Janakpur,2023-04-06
C071,Gita Thapa,Female,32,user71@mail.com,9836726767,Lumbini,Kathmandu,2023-02-17
C072,Nisha Pandey,Female,47,user72@mail.com,9865625330,Madhesh,Butwal,2025-01-05
C073,Sabina Gurung,Female,43,user73@mail.com,9842747037,Lumbini,Kathmandu,2025-02-07
C074,Gita KC,Female,32,user74@mail.com,9833607110,Madhesh,Nepalgunj,2023-02-21
C075,Smriti Thapa,Female,47,user75@mail.com,9827896471,Koshi,Bharatpur,2024-07-26
C076,Kiran Shrestha,Male,57,user76@mail.com,9877750178,Koshi,Bharatpur,2024-04-01
C077,Prakash Rai,Male,46,user77@mail.com,9844788100,Lumbini,Biratnagar,2025-02-23
C078,Suman Adhikari,Female,58,user78@mail.com,9842111036,Gandaki,Nepalgunj,2023-03-21
C079,Sabina Karki,Male,35,user79@mail.com,9855076693,Gandaki,Bharatpur,2023-03-24
C080,Hari Rai,Male,42,user80@mail.com,9830509175,Lumbini,Lalitpur,2024-02-29
C081,Bikash Shrestha,Male,44,user81@mail.com,9818357162,Lumbini,Dharan,2024-02-03
C082,Prakash Lama,Male,54,user82@mail.com,9861053877,Koshi,Kathmandu,2023-12-27
C083,Ramesh Gurung,Male,52,user83@mail.com,9883300637,Madhesh,Butwal,2024-05-14
C084,Nisha Karki,Female,49,user84@mail.com,9813895645,Koshi,Janakpur,2024-11-15
C085,Roshan Gurung,Male,47,user85@mail.com,9827129912,Madhesh,Bharatpur,2023-01-28
C086,Prakash Gurung,Male,23,user86@mail.com,9896268397,Koshi,Pokhara,2025-06-06
C087,Anita Rai,Female,34,user87@mail.com,9860882459,Gandaki,Butwal,2024-04-10
C088,Pooja Shrestha,Female,35,user88@mail.com,9866581473,Gandaki,Lalitpur,2024-04-26
C089,Aarav Adhikari,Male,40,user89@mail.com,9840094589,Bagmati,Kathmandu,2025-02-11
C090,Aarav Thapa,Male,19,user90@mail.com,9893394260,Lumbini,Butwal,2023-05-10
C091,Anita KC,Female,47,user91@mail.com,9844392446,Gandaki,Pokhara,2024-09-12
C092,Kiran KC,Male,37,user92@mail.com,9824508768,Madhesh,Kathmandu,2023-11-16
C093,Kiran Gurung,Male,63,user93@mail.com,9836619372,Bagmati,Hetauda,2024-12-08
C094,Gita Thapa,Female,62,user94@mail.com,9850477742,Madhesh,Lalitpur,2025-03-26
C095,Kiran Sharma,Male,52,user95@mail.com,9867495923,Gandaki,Lalitpur,2024-06-02
C096,Roshan Shrestha,Male,44,user96@mail.com,9875793759,Bagmati,Dharan,2024-01-06
C097,Roshan Pandey,Male,45,user97@mail.com,9833640702,Madhesh,Biratnagar,2024-09-22
C098,Suman Adhikari,Female,47,user98@mail.com,9868461818,Madhesh,Biratnagar,2023-11-27
C099,Gita Thapa,Female,35,user99@mail.com,9870505620,Lumbini,Nepalgunj,2024-08-06
C100,Kiran Gurung,Male,19,user100@mail.com,9876344695,Gandaki,Pokhara,2024-05-14
C006,Gita Shrestha,Female,20,user6@mail.com,9871662963,Madhesh,Lalitpur,2024-01-23
