InventoryID,StoreID,ProductID,Stock,LastUpdated
I001,S014,P039,35,2025-09-01
I002,S019,P025,108,2025-09-01
I003,S006,P032,-5,2025-09-01
I004,S018,P045,165,2025-09-01
I005,S006,P036,42,2025-09-01
I006,S016,P019,35,2025-09-01
I007,S006,P021,115,2025-09-01
I008,S020,P004,91,2025-09-01
I009,S001,P032,34,2025-09-01
I010,S007,P053,98,2025-09-01
I011,S018,P033,167,2025-09-01
I012,S016,P027,175,2025-09-01
I013,S016,P027,181,2025-09-01
I014,S015,P032,42,2025-09-01
I015,S003,P037,7,2025-09-01
I016,S008,P019,8,2025-09-01
I017,S009,P015,137,2025-09-01
I018,S010,P011,199,2025-09-01
I019,S015,P037,190,2025-09-01
I020,S016,P036,130,2025-09-01
I021,S004,P037,29,2025-09-01
I022,S009,P050,139,2025-09-01
I023,S012,P035,193,2025-09-01
I024,S002,P049,184,2025-09-01
I025,S015,P035,55,2025-09-01
I026,S014,P007,188,2025-09-01
I027,S008,P020,8,2025-09-01
I028,S015,P017,89,2025-09-01
I029,S003,P029,30,2025-09-01
I030,S008,P014,188,2025-09-01
I031,S019,P045,89,2025-09-01
I032,S020,P041,109,2025-09-01
I033,S006,P040,35,2025-09-01
I034,S007,P053,52,2025-09-01
I035,S002,P037,89,2025-09-01
I036,S018,P018,152,2025-09-01
I037,S018,P011,82,2025-09-01
I038,S010,P019,146,2025-09-01
I039,S009,P055,131,2025-09-01
I040,S004,P009,192,2025-09-01
I041,S014,P059,15,2025-09-01
I042,S009,P056,167,2025-09-01
I043,S005,P045,33,2025-09-01
I044,S008,P010,182,2025-09-01
I045,S011,P054,63,2025-09-01
I046,S013,P032,36,2025-09-01
I047,S019,P041,68,2025-09-01
I048,S014,P025,115,2025-09-01
I049,S003,P041,196,2025-09-01
I050,S003,P026,131,2025-09-01
I051,S009,P045,94,2025-09-01
I052,S015,P032,83,2025-09-01
I053,S019,P001,198,2025-09-01
I054,S003,P047,117,2025-09-01
I055,S012,P055,16,2025-09-01
I056,S018,P026,55,2025-09-01
I057,S014,P053,54,2025-09-01
I058,S016,P018,82,2025-09-01
I059,S010,P022,140,2025-09-01
I060,S019,P009,144,2025-09-01
I061,S016,P051,87,2025-09-01
I062,S002,P003,25,2025-09-01
I063,S015,P002,31,2025-09-01
I064,S006,P029,116,2025-09-01
I065,S001,P028,51,2025-09-01
I066,S005,P057,166,2025-09-01
I067,S010,P011,70,2025-09-01
I068,S003,P042,92,2025-09-01
I069,S009,P006,95,2025-09-01
I070,S006,P004,101,2025-09-01
I071,S010,P047,179,2025-09-01
I072,S008,P028,167,2025-09-01
I073,S003,P046,24,2025-09-01
I074,S001,P014,122,2025-09-01
I075,S003,P009,151,2025-09-01
I076,S008,P034,174,2025-09-01
I077,S015,P001,2,2025-09-01
I078,S011,P053,30,2025-09-01
I079,S014,P045,33,2025-09-01
I080,S016,P005,58,2025-09-01
I081,S013,P006,187,2025-09-01
I082,S004,P007,80,2025-09-01
I083,S012,P057,76,2025-09-01
I084,S005,P025,198,2025-09-01
I085,S005,P042,173,2025-09-01
I086,S005,P005,135,2025-09-01
I087,S019,P001,156,2025-09-01
I088,S006,P029,89,2025-09-01
I089,S007,P041,191,2025-09-01
I090,S005,P059,105,2025-09-01
I091,S020,P044,113,2025-09-01
I092,S007,P006,25,2025-09-01
I093,S005,P049,31,2025-09-01
I094,S019,P047,98,2025-09-01
I095,S012,P028,80,2025-09-01
I096,S005,P016,70,2025-09-01
I097,S003,P016,141,2025-09-01
I098,S020,P039,184,2025-09-01
I099,S020,P019,199,2025-09-01
I100,S001,P055,168,2025-09-01
I101,S010,P014,132,2025-09-01
I102,S020,P033,48,2025-09-01
I103,S013,P019,165,2025-09-01
I104,S002,P051,61,2025-09-01
I105,S016,P025,28,2025-09-01
I106,S008,P032,163,2025-09-01
I107,S020,P005,135,2025-09-01
I108,S001,P024,81,2025-09-01
I109,S005,P025,145,2025-09-01
I110,S014,P024,139,2025-09-01
I111,S006,P049,120,2025-09-01
I112,S003,P002,150,2025-09-01
I113,S003,P001,67,2025-09-01
I114,S007,P003,15,2025-09-01
I115,S013,P033,73,2025-09-01
I116,S017,P050,106,2025-09-01
I117,S014,P045,102,2025-09-01
I118,S003,P041,137,2025-09-01
I119,S018,P040,39,2025-09-01
I120,S009,P006,79,2025-09-01
I121,S003,P033,52,2025-09-01
I122,S005,P035,83,2025-09-01
I123,S013,P038,162,2025-09-01
I124,S003,P020,178,2025-09-01
I125,S014,P047,61,2025-09-01
I126,S002,P016,22,2025-09-01
I127,S014,P008,116,2025-09-01
I128,S020,P039,14,2025-09-01
I129,S010,P043,189,2025-09-01
I130,S006,P008,3,2025-09-01
I131,S005,P045,2,2025-09-01
I132,S006,P032,88,2025-09-01
I133,S017,P034,200,2025-09-01
I134,S009,P011,95,2025-09-01
I135,S005,P048,199,2025-09-01
I136,S009,P047,30,2025-09-01
I137,S001,P022,109,2025-09-01
I138,S009,P034,16,2025-09-01
I139,S009,P046,147,2025-09-01
I140,S003,P032,116,2025-09-01
I141,S017,P024,14,2025-09-01
I142,S016,P055,145,2025-09-01
I143,S006,P024,40,2025-09-01
I144,S009,P050,26,2025-09-01
I145,S019,P044,185,2025-09-01
I146,S004,P015,189,2025-09-01
I147,S017,P001,11,2025-09-01
I148,S001,P016,11,2025-09-01
I149,S016,P024,98,2025-09-01
I150,S005,P012,9,2025-09-01
