OrderID,CustomerID,ProductID,StoreID,Quantity,OrderDate
O0001,C040,P036,S001,9,2025-04-15
O0002,C012,P015,S004,8,2025-08-31
O0003,C016,P042,S005,8,2025-08-27
O0004,C092,P019,S017,5,2025-04-17
O0005,C062,P031,S008,8,2025-05-22
O0006,C999,P025,S007,10,2025-05-11
O0007,C096,P999,S005,2,2025-03-12
O0008,C099,P051,S999,6,2025-08-28
O0009,C065,P018,S001,-2,2025-07-05
O0010,C039,P054,S019,10,2025-06-18
O0011,C063,P056,S005,8,2025-05-18
O0012,C062,P023,S011,9,2025-07-15
O0013,C070,P025,S015,6,2025-08-11
O0014,C025,P045,S008,10,2025-04-09
O0015,C030,P055,S014,1,2025-03-23
O0016,C096,P031,S013,7,2025-06-19
O0017,C084,P010,S016,1,2025-02-02
O0018,C065,P038,S011,2,2025-08-12
O0019,C057,P007,S017,8,2025-01-04
O0020,C093,P010,S014,3,2025-01-20
O0021,C061,P051,S009,6,2025-06-09
O0022,C089,P026,S003,6,2025-08-07
O0023,C087,P055,S018,7,2025-09-02
O0024,C041,P041,S016,9,2025-01-10
O0025,C080,P005,S008,5,2025-02-28
O0026,C096,P006,S014,2,2025-07-14
O0027,C082,P046,S004,8,2025-02-12
O0028,C089,P020,S001,1,2025-03-25
O0029,C008,P019,S012,6,2025-04-21
O0030,C019,P016,S017,7,2025-05-25
O0031,C088,P051,S006,3,2025-02-14
O0032,C011,P040,S013,10,2025-06-24
O0033,C031,P032,S019,3,2025-03-01
O0034,C060,P041,S009,8,2025-03-07
O0035,C086,P001,S015,5,2025-06-23
O0036,C070,P011,S003,8,2025-08-30
O0037,C045,P038,S010,7,2025-06-26
O0038,C033,P030,S010,4,2025-04-09
O0039,C062,P007,S008,7,2025-05-27
O0040,C046,P037,S010,5,2025-01-06
O0041,C085,P026,S009,1,2025-05-25
O0042,C088,P050,S002,10,2025-07-10
O0043,C064,P054,S010,4,2025-06-05
O0044,C046,P015,S007,10,2025-03-06
O0045,C087,P049,S005,2,2025-08-20
O0046,C081,P042,S002,5,2025-07-21
O0047,C057,P003,S019,6,2025-07-07
O0048,C017,P006,S010,6,2025-07-11
O0049,C054,P012,S007,3,2025-07-21
O0050,C070,P057,S012,9,2025-05-09
O0051,C035,P054,S006,5,2025-08-22
O0052,C062,P052,S010,6,2025-07-25
O0053,C015,P030,S003,3,2025-07-13
O0054,C029,P056,S013,9,2025-04-04
O0055,C012,P051,S013,1,2025-03-09
O0056,C069,P008,S015,6,2025-06-22
O0057,C096,P044,S009,10,2025-04-08
O0058,C082,P024,S004,4,2025-05-01
O0059,C004,P040,S018,6,2025-08-23
O0060,C079,P015,S003,8,2025-08-21
O0061,C090,P020,S014,2,2025-02-05
O0062,C006,P003,S010,8,2025-01-30
O0063,C013,P016,S018,3,2025-04-10
O0064,C059,P024,S018,7,2025-05-31
O0065,C096,P047,S005,7,2025-06-17
O0066,C013,P054,S016,10,2025-04-15
O0067,C036,P003,S012,4,2025-04-24
O0068,C057,P016,S012,2,2025-06-25
O0069,C048,P035,S012,1,2025-04-12
O0070,C036,P013,S004,8,2025-01-24
O0071,C085,P014,S020,1,2025-01-13
O0072,C043,P016,S005,10,2025-02-22
O0073,C009,P054,S018,4,2025-05-31
O0074,C028,P053,S008,6,2025-07-18
O0075,C019,P051,S020,1,2025-03-12
O0076,C019,P009,S018,5,2025-07-24
O0077,C023,P008,S001,3,2025-01-04
O0078,C046,P051,S008,10,2025-03-24
O0079,C003,P012,S009,1,2025-02-02
O0080,C095,P027,S017,2,2025-07-10
O0081,C009,P031,S015,6,2025-05-12
O0082,C076,P007,S015,9,2025-02-26
O0083,C079,P003,S017,5,2025-04-28
O0084,C083,P002,S002,8,2025-08-05
O0085,C052,P028,S004,8,2025-07-02
O0086,C057,P005,S003,6,2025-06-05
O0087,C019,P005,S005,5,2025-06-09
O0088,C082,P038,S018,6,2025-04-08
O0089,C077,P034,S010,8,2025-05-10
O0090,C078,P028,S004,2,2025-08-07
O0091,C084,P042,S018,4,2025-04-21
O0092,C058,P057,S008,7,2025-03-28
O0093,C059,P026,S014,2,2025-03-22
O0094,C055,P021,S009,6,2025-09-02
O0095,C020,P044,S016,2,2025-01-24
O0096,C011,P006,S014,2,2025-07-10
O0097,C095,P024,S005,9,2025-01-16
O0098,C076,P036,S018,6,2025-06-21
O0099,C016,P027,S012,7,2025-08-11
O0100,C093,P004,S010,10,2025-03-21
O0101,C046,P007,S019,9,2025-02-24
O0102,C020,P043,S016,4,2025-08-05
O0103,C014,P023,S018,6,2025-01-30
O0104,C098,P018,S019,4,2025-07-26
O0105,C055,P055,S018,10,2025-06-07
O0106,C087,P042,S018,1,2025-06-05
O0107,C085,P054,S009,1,2025-02-16
O0108,C035,P045,S010,6,2025-03-31
O0109,C001,P012,S005,10,2025-06-18
O0110,C052,P005,S005,1,2025-01-24
O0111,C096,P034,S007,7,2025-04-18
O0112,C059,P022,S006,6,2025-03-21
O0113,C093,P021,S019,10,2025-01-22
O0114,C007,P010,S006,10,2025-01-13
O0115,C087,P006,S009,8,2025-06-19
O0116,C055,P032,S020,8,2025-04-17
O0117,C035,P014,S017,2,2025-03-30
O0118,C056,P008,S010,10,2025-05-05
O0119,C068,P043,S010,1,2025-02-26
O0120,C051,P039,S002,1,2025-02-22
O0121,C039,P014,S005,5,2025-03-16
O0122,C042,P008,S001,8,2025-07-11
O0123,C056,P012,S005,7,2025-05-17
O0124,C091,P015,S017,9,2025-08-02
O0125,C086,P052,S012,2,2025-04-12
O0126,C095,P003,S014,1,2025-04-28
O0127,C010,P056,S011,10,2025-04-20
O0128,C074,P026,S014,5,2025-01-30
O0129,C052,P002,S011,3,2025-07-25
O0130,C080,P030,S012,2,2025-04-22
O0131,C014,P016,S014,10,2025-04-13
O0132,C068,P006,S013,5,2025-07-10
O0133,C044,P015,S011,3,2025-01-20
O0134,C066,P041,S004,9,2025-05-11
O0135,C025,P058,S012,6,2025-07-06
O0136,C083,P053,S005,4,2025-01-27
O0137,C019,P017,S007,3,2025-06-04
O0138,C020,P049,S003,3,2025-09-01
O0139,C099,P041,S016,8,2025-07-13
O0140,C073,P049,S019,8,2025-06-24
O0141,C073,P042,S020,6,2025-08-10
O0142,C081,P021,S005,8,2025-01-18
O0143,C061,P029,S010,5,2025-06-01
O0144,C008,P023,S017,2,2025-03-21
O0145,C060,P029,S002,1,2025-04-05
O0146,C037,P005,S003,10,2025-06-02
O0147,C065,P025,S015,10,2025-05-22
O0148,C095,P058,S002,8,2025-08-21
O0149,C074,P042,S007,6,2025-06-04
O0150,C061,P033,S005,1,2025-04-26
O0151,C014,P052,S011,2,2025-05-10
O0152,C083,P012,S002,4,2025-07-01
O0153,C057,P029,S017,9,2025-06-06
O0154,C021,P024,S012,5,2025-04-10
O0155,C053,P050,S011,10,2025-01-14
O0156,C081,P042,S011,2,2025-03-26
O0157,C013,P036,S013,5,2025-03-06
O0158,C093,P055,S020,3,2025-03-27
O0159,C011,P038,S005,6,2025-03-21
O0160,C084,P045,S013,3,2025-06-02
O0161,C091,P006,S010,9,2025-04-07
O0162,C083,P051,S011,3,2025-06-21
O0163,C090,P054,S017,2,2025-06-15
O0164,C086,P028,S017,6,2025-01-05
O0165,C047,P020,S006,4,2025-03-29
O0166,C099,P032,S007,4,2025-02-05
O0167,C020,P005,S010,2,2025-05-10
O0168,C099,P035,S017,1,2025-06-19
O0169,C044,P057,S020,3,2025-06-02
O0170,C049,P010,S006,3,2025-08-01
O0171,C089,P050,S020,3,2025-07-04
O0172,C057,P003,S014,6,2025-06-23
O0173,C093,P016,S015,10,2025-03-14
O0174,C097,P048,S015,4,2025-05-17
O0175,C031,P020,S016,4,2025-04-05
O0176,C087,P037,S015,8,2025-07-16
O0177,C037,P050,S013,9,2025-05-16
O0178,C054,P011,S007,10,2025-02-05
O0179,C033,P004,S016,6,2025-05-22
O0180,C014,P046,S017,2,2025-03-14
O0181,C011,P049,S006,5,2025-04-26
O0182,C066,P010,S014,2,2025-08-31
O0183,C029,P053,S015,6,2025-08-27
O0184,C004,P027,S002,7,2025-05-09
O0185,C048,P016,S013,2,2025-04-06
O0186,C029,P002,S011,2,2025-08-03
O0187,C092,P042,S011,3,2025-02-05
O0188,C005,P019,S016,3,2025-07-14
O0189,C091,P031,S015,10,2025-01-02
O0190,C011,P002,S009,4,2025-08-02
O0191,C020,P036,S020,9,2025-04-19
O0192,C015,P050,S010,4,2025-03-19
O0193,C016,P004,S008,7,2025-06-13
O0194,C080,P030,S003,2,2025-08-03
O0195,C064,P039,S018,1,2025-06-11
O0196,C066,P037,S008,3,2025-03-16
O0197,C055,P001,S020,6,2025-03-03
O0198,C074,P027,S006,2,2025-05-15
O0199,C047,P005,S017,9,2025-05-10
O0200,C065,P036,S001,7,2025-08-12
O0201,C061,P003,S013,6,2025-03-06
O0202,C096,P002,S012,2,2025-03-30
O0203,C031,P047,S004,10,2025-07-08
O0204,C097,P022,S005,1,2025-04-01
O0205,C070,P022,S006,8,2025-06-28
O0206,C062,P041,S006,3,2025-01-17
O0207,C092,P050,S015,1,2025-03-17
O0208,C026,P003,S007,1,2025-03-22
O0209,C040,P033,S013,9,2025-05-02
O0210,C033,P003,S007,5,2025-04-02
O0211,C100,P004,S011,5,2025-02-01
O0212,C048,P028,S013,8,2025-08-18
O0213,C050,P022,S006,8,2025-06-27
O0214,C064,P024,S017,5,2025-07-25
O0215,C011,P047,S014,2,2025-04-21
O0216,C078,P053,S006,9,2025-03-17
O0217,C042,P007,S003,6,2025-06-19
O0218,C038,P020,S015,10,2025-07-03
O0219,C055,P011,S015,6,2025-04-25
O0220,C006,P047,S012,10,2025-04-22
O0221,C036,P041,S002,2,2025-06-21
O0222,C082,P026,S012,9,2025-07-25
O0223,C096,P044,S006,1,2025-02-06
O0224,C078,P044,S015,1,2025-02-02
O0225,C009,P016,S012,6,2025-04-09
O0226,C073,P003,S020,3,2025-06-23
O0227,C058,P024,S012,8,2025-07-15
O0228,C010,P037,S005,9,2025-04-04
O0229,C051,P021,S009,4,2025-09-03
O0230,C015,P002,S006,8,2025-05-13
O0231,C050,P059,S018,2,2025-03-09
O0232,C100,P017,S015,4,2025-06-06
O0233,C037,P045,S016,4,2025-02-01
O0234,C018,P055,S003,8,2025-02-14
O0235,C092,P029,S003,6,2025-06-20
O0236,C045,P046,S003,9,2025-05-19
O0237,C038,P058,S010,3,2025-07-02
O0238,C091,P060,S006,6,2025-05-11
O0239,C029,P008,S007,3,2025-03-02
O0240,C064,P002,S012,9,2025-05-27
O0241,C048,P030,S018,3,2025-06-06
O0242,C012,P005,S010,7,2025-07-03
O0243,C093,P031,S017,7,2025-07-16
O0244,C053,P053,S019,2,2025-02-02
O0245,C041,P042,S003,8,2025-04-30
O0246,C088,P034,S012,3,2025-08-13
O0247,C100,P036,S019,3,2025-07-16
O0248,C017,P028,S017,1,2025-08-01
O0249,C016,P034,S005,5,2025-02-12
O0250,C021,P021,S008,6,2025-08-31
O0251,C067,P058,S010,2,2025-03-06
O0252,C026,P041,S018,5,2025-02-02
O0253,C081,P020,S020,9,2025-01-24
O0254,C065,P042,S006,10,2025-08-30
O0255,C075,P010,S006,10,2025-07-04
O0256,C078,P022,S019,1,2025-07-31
O0257,C004,P006,S002,10,2025-03-09
O0258,C084,P014,S019,7,2025-06-08
O0259,C082,P002,S016,9,2025-03-16
O0260,C083,P020,S016,4,2025-07-26
O0261,C088,P026,S010,8,2025-01-19
O0262,C089,P004,S006,8,2025-04-17
O0263,C062,P030,S007,6,2025-06-05
O0264,C019,P021,S011,6,2025-09-07
O0265,C052,P009,S012,9,2025-05-24
O0266,C014,P021,S008,8,2025-02-01
O0267,C035,P029,S008,3,2025-01-25
O0268,C007,P019,S013,10,2025-04-18
O0269,C032,P056,S006,6,2025-08-28
O0270,C074,P047,S011,4,2025-07-15
O0271,C021,P032,S017,8,2025-05-08
O0272,C040,P032,S001,2,2025-08-30
O0273,C051,P033,S015,4,2025-02-25
O0274,C075,P023,S002,1,2025-03-14
O0275,C064,P039,S016,5,2025-05-18
O0276,C002,P055,S004,7,2025-02-04
O0277,C034,P047,S012,7,2025-04-04
O0278,C006,P026,S002,10,2025-05-24
O0279,C025,P024,S018,5,2025-01-19
O0280,C050,P033,S015,9,2025-03-13
O0281,C080,P044,S020,2,2025-02-02
O0282,C013,P026,S012,6,2025-05-23
O0283,C047,P049,S005,4,2025-06-04
O0284,C066,P026,S017,1,2025-01-12
O0285,C005,P009,S011,8,2025-05-13
O0286,C059,P010,S020,9,2025-02-05
O0287,C042,P060,S020,6,2025-02-11
O0288,C051,P040,S010,10,2025-03-28
O0289,C065,P054,S017,9,2025-05-06
O0290,C091,P037,S010,8,2025-07-28
O0291,C003,P024,S011,2,2025-09-08
O0292,C054,P038,S010,1,2025-06-02
O0293,C061,P017,S019,10,2025-02-28
O0294,C093,P004,S019,8,2025-02-13
O0295,C068,P041,S020,7,2025-02-07
O0296,C088,P016,S002,10,2025-08-31
O0297,C090,P008,S007,1,2025-04-23
O0298,C041,P027,S005,7,2025-06-26
O0299,C027,P027,S017,10,2025-08-24
O0300,C061,P056,S002,3,2025-05-13
O0301,C027,P036,S011,8,2025-05-15
O0302,C049,P021,S006,8,2025-08-22
O0303,C069,P022,S018,6,2025-06-23
O0304,C099,P056,S009,10,2025-05-04
O0305,C025,P016,S009,9,2025-03-18
O0306,C029,P020,S010,4,2025-06-26
O0307,C091,P032,S011,8,2025-03-31
O0308,C072,P060,S009,5,2025-02-01
O0309,C074,P044,S018,7,2025-08-18
O0310,C051,P053,S012,3,2025-03-16
O0311,C006,P019,S003,6,2025-08-25
O0312,C057,P042,S009,8,2025-02-24
O0313,C026,P053,S018,5,2025-08-27
O0314,C072,P045,S009,3,2025-01-28
O0315,C079,P048,S019,4,2025-03-04
O0316,C007,P043,S017,4,2025-06-13
O0317,C030,P004,S004,7,2025-03-26
O0318,C092,P031,S004,3,2025-01-02
O0319,C071,P060,S006,7,2025-06-17
O0320,C061,P031,S007,5,2025-03-24
O0321,C037,P042,S002,2,2025-06-16
O0322,C074,P015,S018,1,2025-08-22
O0323,C023,P027,S006,1,2025-08-03
O0324,C051,P051,S016,3,2025-08-28
O0325,C096,P056,S010,1,2025-01-03
O0326,C039,P037,S020,2,2025-08-26
O0327,C043,P019,S015,9,2025-05-15
O0328,C064,P057,S005,9,2025-04-30
O0329,C035,P013,S004,6,2025-02-11
O0330,C094,P030,S009,3,2025-01-04
O0331,C095,P022,S010,10,2025-06-22
O0332,C097,P013,S006,10,2025-08-08
O0333,C082,P058,S013,7,2025-05-12
O0334,C042,P006,S013,2,2025-02-17
O0335,C018,P031,S011,4,2025-01-02
O0336,C034,P025,S008,8,2025-07-12
O0337,C035,P022,S010,10,2025-07-05
O0338,C074,P001,S009,6,2025-06-27
O0339,C031,P004,S004,8,2025-03-20
O0340,C021,P026,S017,5,2025-06-26
O0341,C016,P041,S010,6,2025-06-07
O0342,C029,P015,S005,8,2025-02-09
O0343,C059,P048,S020,6,2025-04-17
O0344,C090,P036,S016,9,2025-07-25
O0345,C086,P053,S007,4,2025-06-24
O0346,C097,P039,S003,9,2025-04-25
O0347,C068,P046,S012,2,2025-08-23
O0348,C073,P008,S002,9,2025-08-20
O0349,C065,P013,S019,9,2025-02-08
O0350,C022,P021,S017,8,2025-01-30
O0351,C088,P014,S019,8,2025-01-24
O0352,C066,P029,S002,8,2025-02-03
O0353,C066,P027,S015,10,2025-01-15
O0354,C072,P030,S010,1,2025-04-12
O0355,C033,P053,S001,4,2025-05-29
O0356,C010,P003,S014,6,2025-06-29
O0357,C009,P035,S002,2,2025-08-28
O0358,C061,P003,S010,7,2025-02-16
O0359,C099,P009,S014,6,2025-08-17
O0360,C049,P029,S013,7,2025-01-21
O0361,C088,P043,S018,3,2025-06-17
O0362,C045,P008,S006,9,2025-04-11
O0363,C068,P009,S008,1,2025-07-13
O0364,C003,P020,S015,9,2025-04-19
O0365,C069,P025,S008,4,2025-04-28
O0366,C045,P010,S009,4,2025-08-28
O0367,C093,P049,S004,1,2025-07-27
O0368,C085,P027,S020,1,2025-03-03
O0369,C027,P005,S004,10,2025-01-09
O0370,C058,P039,S002,4,2025-07-09
O0371,C006,P026,S015,4,2025-05-19
O0372,C028,P049,S002,3,2025-05-09
O0373,C038,P015,S019,6,2025-05-28
O0374,C077,P050,S011,4,2025-03-19
O0375,C019,P043,S017,4,2025-04-16
O0376,C039,P018,S002,9,2025-08-31
O0377,C076,P057,S006,7,2025-05-23
O0378,C064,P004,S012,7,2025-07-21
O0379,C068,P021,S014,7,2025-02-08
O0380,C039,P025,S006,9,2025-05-02
O0381,C031,P055,S008,5,2025-08-08
O0382,C091,P010,S015,1,2025-05-24
O0383,C053,P027,S018,9,2025-02-04
O0384,C050,P016,S009,4,2025-03-26
O0385,C083,P006,S015,6,2025-01-24
O0386,C069,P047,S007,1,2025-03-10
O0387,C049,P044,S020,10,2025-01-11
O0388,C010,P013,S019,9,2025-02-25
O0389,C062,P014,S011,5,2025-09-02
O0390,C002,P014,S007,2,2025-07-11
O0391,C097,P031,S008,10,2025-06-30
O0392,C027,P026,S008,9,2025-03-24
O0393,C100,P019,S013,8,2025-05-17
O0394,C084,P023,S010,5,2025-04-03
O0395,C066,P057,S016,8,2025-01-26
O0396,C093,P031,S011,4,2025-04-05
O0397,C041,P027,S002,10,2025-08-10
O0398,C029,P048,S005,1,2025-03-08
O0399,C071,P060,S019,10,2025-07-04
O0400,C054,P019,S005,4,2025-03-26
O0401,C030,P025,S019,4,2025-05-08
O0402,C071,P042,S011,5,2025-07-15
O0403,C063,P047,S016,8,2025-02-13
O0404,C094,P051,S012,3,2025-02-05
O0405,C093,P035,S016,3,2025-08-23
O0406,C070,P042,S002,9,2025-01-09
O0407,C010,P053,S002,1,2025-04-16
O0408,C018,P054,S008,2,2025-07-01
O0409,C020,P001,S007,9,2025-04-27
O0410,C048,P004,S020,10,2025-08-22
O0411,C062,P043,S016,1,2025-01-02
O0412,C069,P036,S014,1,2025-01-05
O0413,C068,P047,S009,9,2025-09-08
O0414,C037,P002,S017,7,2025-07-26
O0415,C023,P007,S004,9,2025-02-08
O0416,C031,P013,S020,9,2025-03-06
O0417,C046,P018,S013,2,2025-04-06
O0418,C052,P030,S019,4,2025-06-28
O0419,C029,P020,S003,1,2025-01-24
O0420,C052,P025,S013,9,2025-05-02
O0421,C008,P041,S001,3,2025-01-22
O0422,C064,P055,S014,6,2025-05-25
O0423,C013,P058,S017,1,2025-02-28
O0424,C028,P058,S019,8,2025-03-11
O0425,C006,P060,S003,5,2025-08-19
O0426,C070,P037,S002,3,2025-08-26
O0427,C041,P002,S007,10,2025-02-06
O0428,C097,P053,S013,2,2025-03-18
O0429,C021,P037,S008,10,2025-08-02
O0430,C050,P044,S018,6,2025-04-09
O0431,C097,P048,S005,2,2025-05-09
O0432,C096,P023,S002,2,2025-04-22
O0433,C030,P054,S003,6,2025-06-04
O0434,C099,P040,S020,7,2025-09-06
O0435,C100,P021,S001,5,2025-07-20
O0436,C058,P032,S008,6,2025-05-22
O0437,C049,P028,S006,10,2025-06-19
O0438,C049,P006,S020,5,2025-07-24
O0439,C032,P046,S003,2,2025-03-10
O0440,C020,P025,S005,7,2025-03-23
O0441,C047,P007,S003,1,2025-08-30
O0442,C040,P029,S012,5,2025-01-27
O0443,C017,P006,S006,7,2025-04-25
O0444,C072,P036,S017,7,2025-01-27
O0445,C004,P006,S012,9,2025-01-24
O0446,C077,P039,S011,7,2025-01-04
O0447,C038,P027,S013,2,2025-07-05
O0448,C072,P058,S008,10,2025-05-14
O0449,C022,P044,S013,3,2025-02-05
O0450,C035,P020,S009,8,2025-02-07
O0451,C009,P011,S014,5,2025-04-18
O0452,C039,P031,S003,6,2025-03-06
O0453,C032,P047,S016,10,2025-06-07
O0454,C026,P030,S004,3,2025-03-19
O0455,C001,P026,S011,10,2025-04-08
O0456,C043,P029,S011,7,2025-07-28
O0457,C084,P039,S005,5,2025-03-24
O0458,C078,P045,S007,8,2025-03-22
O0459,C023,P026,S011,5,2025-07-08
O0460,C089,P041,S016,10,2025-07-20
O0461,C032,P021,S013,5,2025-07-29
O0462,C051,P024,S004,10,2025-02-21
O0463,C076,P035,S006,9,2025-01-07
O0464,C094,P030,S007,8,2025-07-24
O0465,C038,P054,S003,7,2025-06-22
O0466,C064,P009,S010,4,2025-03-06
O0467,C085,P010,S014,7,2025-01-19
O0468,C058,P039,S016,10,2025-04-13
O0469,C069,P033,S014,9,2025-01-10
O0470,C047,P045,S018,10,2025-06-13
O0471,C011,P007,S008,6,2025-02-12
O0472,C083,P040,S002,10,2025-06-15
O0473,C087,P042,S013,6,2025-09-05
O0474,C056,P007,S001,2,2025-03-08
O0475,C029,P033,S017,9,2025-05-29
O0476,C089,P037,S008,8,2025-04-06
O0477,C051,P030,S019,9,2025-02-08
O0478,C045,P002,S016,2,2025-03-17
O0479,C054,P059,S003,2,2025-08-01
O0480,C094,P010,S012,5,2025-03-29
O0481,C059,P051,S007,9,2025-05-04
O0482,C045,P031,S004,8,2025-07-04
O0483,C090,P029,S011,2,2025-03-18
O0484,C006,P052,S004,1,2025-08-06
O0485,C044,P042,S004,3,2025-08-27
O0486,C095,P016,S017,3,2025-05-22
O0487,C021,P022,S018,7,2025-09-03
O0488,C060,P015,S013,3,2025-02-17
O0489,C082,P043,S014,7,2025-01-08
O0490,C095,P040,S007,8,2025-06-01
O0491,C055,P025,S001,4,2025-02-22
O0492,C036,P049,S003,10,2025-01-27
O0493,C069,P012,S012,6,2025-02-20
O0494,C059,P008,S009,8,2025-05-16
O0495,C082,P021,S020,7,2025-06-06
O0496,C051,P038,S004,6,2025-04-01
O0497,C059,P040,S006,5,2025-08-24
O0498,C079,P038,S003,3,2025-03-22
O0499,C016,P016,S010,2,2025-02-16
O0500,C048,P045,S005,9,2025-04-10
