PaymentID,OrderID,PaymentMethod,PaymentStatus,PaymentAmount,PaymentDate
PM0001,O0001,UPI,Refunded,2626,2025-04-15
PM0002,O0002,Debit Card,Paid,4439,2025-09-01
PM0003,O0003,Wallet,Paid,972,2025-08-29
PM0004,O0004,Wallet,Paid,4787,2025-04-19
PM0005,O0005,Cash,Paid,2336,2025-05-23
PM0006,O0006,Credit Card,Paid,1799,2025-05-12
PM0007,O0007,Credit Card,Paid,4193,2025-03-17
PM0008,O0008,Wallet,Paid,1762,2025-09-02
PM0009,O0009,Credit Card,Paid,4741,2025-07-05
PM0010,O0010,Credit Card,Paid,2279,2025-06-22
PM0011,O0011,Wallet,Paid,2676,2025-05-18
PM0012,O0012,Debit Card,Paid,627,2025-07-19
PM0013,O0013,Debit Card,Refunded,4588,2025-08-11
PM0014,O0014,Debit Card,Paid,1135,2025-04-11
PM0015,O0015,Credit Card,Pending,1752,2025-03-24
PM0016,O0016,Wallet,Refunded,994,2025-06-23
PM0017,O0017,Wallet,Paid,3463,2025-02-05
PM0018,O0018,Wallet,Paid,216,2025-08-15
PM0019,O0019,UPI,Paid,3218,2025-01-05
PM0020,O0020,Debit Card,Paid,1406,2025-01-21
PM0021,O0021,UPI,Pending,3337,2025-06-09
PM0022,O0022,Wallet,Paid,3667,2025-08-12
PM0023,O0023,Debit Card,Paid,1448,2025-09-02
PM0024,O0024,UPI,Refunded,480,2025-01-10
PM0025,O0025,Credit Card,Paid,3276,2025-02-28
PM0026,O0026,UPI,Paid,462,2025-07-17
PM0027,O0027,Wallet,Refunded,4127,2025-02-14
PM0028,O0028,Cash,Paid,3819,2025-03-26
PM0029,O0029,Cash,Paid,2738,2025-04-25
PM0030,O0030,UPI,Paid,4147,2025-05-27
PM0031,O0031,Credit Card,Paid,790,2025-02-16
PM0032,O0032,Cash,Paid,702,2025-06-25
PM0033,O0033,Wallet,Paid,4557,2025-03-06
PM0034,O0034,Wallet,Paid,357,2025-03-09
PM0035,O0035,UPI,Refunded,1796,2025-06-27
PM0036,O0036,Debit Card,Paid,1392,2025-08-30
PM0037,O0037,UPI,Paid,290,2025-06-28
PM0038,O0038,UPI,Pending,3244,2025-04-13
PM0039,O0039,Credit Card,Paid,4683,2025-05-29
PM0040,O0040,Wallet,Paid,2860,2025-01-10
PM0041,O0041,Wallet,Paid,4422,2025-05-26
PM0042,O0042,Wallet,Paid,2461,2025-07-15
PM0043,O0043,UPI,Paid,464,2025-06-06
PM0044,O0044,Cash,Paid,3966,2025-03-07
PM0045,O0045,Credit Card,Paid,2257,2025-08-25
PM0046,O0046,Debit Card,Paid,346,2025-07-25
PM0047,O0047,Cash,Paid,2615,2025-07-11
PM0048,O0048,Cash,Refunded,3378,2025-07-14
PM0049,O0049,Credit Card,Paid,2528,2025-07-23
PM0050,O0050,Cash,Paid,1005,2025-05-09
PM0051,O0051,Wallet,Paid,1524,2025-08-27
PM0052,O0052,Credit Card,Paid,2135,2025-07-30
PM0053,O0053,Credit Card,Paid,2423,2025-07-17
PM0054,O0054,Debit Card,Paid,1993,2025-04-08
PM0055,O0055,Cash,Paid,3578,2025-03-11
PM0056,O0056,Wallet,Paid,2394,2025-06-25
PM0057,O0057,Debit Card,Paid,4893,2025-04-08
PM0058,O0058,UPI,Paid,4817,2025-05-01
PM0059,O0059,Credit Card,Paid,2877,2025-08-25
PM0060,O0060,Debit Card,Pending,3908,2025-08-26
PM0061,O0061,Credit Card,Paid,4210,2025-02-06
PM0062,O0062,Debit Card,Paid,3486,2025-02-04
PM0063,O0063,Cash,Paid,4571,2025-04-13
PM0064,O0064,UPI,Paid,4427,2025-06-05
PM0065,O0065,Cash,Paid,745,2025-06-17
PM0066,O0066,Debit Card,Paid,1580,2025-04-20
PM0067,O0067,Credit Card,Paid,4512,2025-04-25
PM0068,O0068,Cash,Paid,328,2025-06-25
PM0069,O0069,Debit Card,Paid,1106,2025-04-14
PM0070,O0070,Credit Card,Pending,3611,2025-01-27
PM0071,O0071,Wallet,Paid,645,2025-01-18
PM0072,O0072,Debit Card,Paid,409,2025-02-24
PM0073,O0073,Debit Card,Paid,4029,2025-06-01
PM0074,O0074,Debit Card,Refunded,2809,2025-07-21
PM0075,O0075,Cash,Paid,4862,2025-03-14
PM0076,O0076,Credit Card,Paid,2143,2025-07-26
PM0077,O0077,Credit Card,Paid,456,2025-01-09
PM0078,O0078,Cash,Paid,1631,2025-03-27
PM0079,O0079,UPI,Paid,4396,2025-02-07
PM0080,O0080,Credit Card,Paid,3708,2025-07-13
PM0081,O0081,UPI,Paid,932,2025-05-12
PM0082,O0082,Debit Card,Refunded,4651,2025-03-01
PM0083,O0083,Cash,Paid,2769,2025-05-03
PM0084,O0084,Cash,Paid,550,2025-08-05
PM0085,O0085,Cash,Paid,3836,2025-07-05
PM0086,O0086,Debit Card,Paid,4346,2025-06-10
PM0087,O0087,Wallet,Paid,2009,2025-06-13
PM0088,O0088,Wallet,Paid,420,2025-04-09
PM0089,O0089,UPI,Paid,4679,2025-05-11
PM0090,O0090,UPI,Paid,4638,2025-08-10
PM0091,O0091,Wallet,Paid,2671,2025-04-25
PM0092,O0092,UPI,Paid,3539,2025-04-01
PM0093,O0093,Credit Card,Paid,2059,2025-03-24
PM0094,O0094,UPI,Paid,3529,2025-09-04
PM0095,O0095,UPI,Paid,4643,2025-01-27
PM0096,O0096,Wallet,Paid,2056,2025-07-13
PM0097,O0097,Debit Card,Refunded,714,2025-01-16
PM0098,O0098,UPI,Paid,2306,2025-06-23
PM0099,O0099,Cash,Paid,4461,2025-08-16
PM0100,O0100,UPI,Paid,2084,2025-03-23
PM0101,O0101,Debit Card,Paid,3814,2025-02-24
PM0102,O0102,UPI,Pending,4935,2025-08-05
PM0103,O0103,Debit Card,Paid,1821,2025-02-04
PM0104,O0104,UPI,Paid,1654,2025-07-29
PM0105,O0105,Credit Card,Paid,1599,2025-06-11
PM0106,O0106,Cash,Paid,4827,2025-06-08
PM0107,O0107,UPI,Paid,1157,2025-02-20
PM0108,O0108,Debit Card,Pending,3264,2025-04-01
PM0109,O0109,Debit Card,Paid,442,2025-06-21
PM0110,O0110,Wallet,Paid,2661,2025-01-26
PM0111,O0111,Credit Card,Paid,3459,2025-04-22
PM0112,O0112,Cash,Paid,835,2025-03-24
PM0113,O0113,Cash,Pending,349,2025-01-22
PM0114,O0114,Debit Card,Paid,4571,2025-01-14
PM0115,O0115,Debit Card,Paid,1514,2025-06-21
PM0116,O0116,Credit Card,Paid,3260,2025-04-22
PM0117,O0117,Debit Card,Paid,1551,2025-04-04
PM0118,O0118,UPI,Paid,1421,2025-05-10
PM0119,O0119,Wallet,Paid,262,2025-03-01
PM0120,O0120,Debit Card,Paid,3502,2025-02-23
PM0121,O0121,Debit Card,Paid,3833,2025-03-21
PM0122,O0122,Wallet,Paid,1554,2025-07-14
PM0123,O0123,UPI,Paid,1170,2025-05-20
PM0124,O0124,Debit Card,Paid,1390,2025-08-04
PM0125,O0125,Credit Card,Paid,647,2025-04-16
PM0126,O0126,Wallet,Pending,856,2025-04-28
PM0127,O0127,Wallet,Paid,1862,2025-04-23
PM0128,O0128,Debit Card,Paid,2806,2025-02-04
PM0129,O0129,Debit Card,Paid,684,2025-07-25
PM0130,O0130,UPI,Paid,2904,2025-04-22
PM0131,O0131,Credit Card,Paid,2273,2025-04-13
PM0132,O0132,UPI,Paid,431,2025-07-12
PM0133,O0133,Credit Card,Paid,545,2025-01-23
PM0134,O0134,UPI,Paid,2338,2025-05-15
PM0135,O0135,Debit Card,Paid,4079,2025-07-07
PM0136,O0136,Credit Card,Paid,4511,2025-01-28
PM0137,O0137,Credit Card,Paid,323,2025-06-04
PM0138,O0138,Debit Card,Paid,2278,2025-09-02
PM0139,O0139,Credit Card,Paid,3074,2025-07-16
PM0140,O0140,UPI,Paid,3987,2025-06-27
PM0141,O0141,Cash,Paid,3333,2025-08-13
PM0142,O0142,Debit Card,Paid,1160,2025-01-19
PM0143,O0143,Wallet,Refunded,2954,2025-06-06
PM0144,O0144,Cash,Paid,4727,2025-03-24
PM0145,O0145,Wallet,Paid,2908,2025-04-08
PM0146,O0146,Wallet,Paid,3834,2025-06-06
PM0147,O0147,Credit Card,Paid,3005,2025-05-24
PM0148,O0148,Debit Card,Refunded,1525,2025-08-23
PM0149,O0149,Cash,Paid,1119,2025-06-06
PM0150,O0150,UPI,Pending,3466,2025-04-30
PM0151,O0151,Cash,Paid,1837,2025-05-15
PM0152,O0152,Credit Card,Paid,3620,2025-07-01
PM0153,O0153,Wallet,Paid,4707,2025-06-07
PM0154,O0154,Wallet,Paid,4648,2025-04-11
PM0155,O0155,UPI,Paid,4509,2025-01-16
PM0156,O0156,Credit Card,Refunded,3467,2025-03-30
PM0157,O0157,UPI,Paid,4841,2025-03-10
PM0158,O0158,Wallet,Paid,2084,2025-03-29
PM0159,O0159,Debit Card,Pending,3834,2025-03-22
PM0160,O0160,Credit Card,Paid,3656,2025-06-05
PM0161,O0161,Cash,Paid,4727,2025-04-10
PM0162,O0162,Credit Card,Paid,3091,2025-06-25
PM0163,O0163,UPI,Paid,2388,2025-06-19
PM0164,O0164,Debit Card,Paid,4284,2025-01-07
PM0165,O0165,Debit Card,Paid,4703,2025-04-03
PM0166,O0166,Cash,Paid,3016,2025-02-07
PM0167,O0167,Cash,Paid,440,2025-05-12
PM0168,O0168,Credit Card,Refunded,541,2025-06-22
PM0169,O0169,Debit Card,Paid,3119,2025-06-02
PM0170,O0170,Credit Card,Paid,3340,2025-08-05
PM0171,O0171,Debit Card,Paid,1441,2025-07-07
PM0172,O0172,Cash,Paid,4400,2025-06-24
PM0173,O0173,Credit Card,Paid,3816,2025-03-16
PM0174,O0174,UPI,Paid,3145,2025-05-20
PM0175,O0175,Cash,Paid,2247,2025-04-07
PM0176,O0176,Debit Card,Paid,2764,2025-07-21
PM0177,O0177,Credit Card,Paid,640,2025-05-20
PM0178,O0178,UPI,Pending,2827,2025-02-05
PM0179,O0179,UPI,Refunded,4708,2025-05-26
PM0180,O0180,Credit Card,Paid,4108,2025-03-19
PM0181,O0181,Credit Card,Paid,4489,2025-04-30
PM0182,O0182,Wallet,Paid,2813,2025-09-02
PM0183,O0183,Credit Card,Pending,2630,2025-09-01
PM0184,O0184,Cash,Paid,1151,2025-05-14
PM0185,O0185,UPI,Paid,490,2025-04-08
PM0186,O0186,Debit Card,Paid,225,2025-08-07
PM0187,O0187,Wallet,Paid,4627,2025-02-08
PM0188,O0188,Cash,Paid,1325,2025-07-18
PM0189,O0189,Debit Card,Paid,3346,2025-01-04
PM0190,O0190,Credit Card,Refunded,1308,2025-08-04
PM0191,O0191,Debit Card,Paid,1597,2025-04-23
PM0192,O0192,Cash,Paid,4777,2025-03-19
PM0193,O0193,Debit Card,Pending,1209,2025-06-13
PM0194,O0194,Credit Card,Paid,2967,2025-08-06
PM0195,O0195,Credit Card,Paid,2621,2025-06-11
PM0196,O0196,Cash,Pending,1418,2025-03-19
PM0197,O0197,UPI,Paid,4167,2025-03-06
PM0198,O0198,UPI,Paid,2763,2025-05-18
PM0199,O0199,Credit Card,Paid,333,2025-05-11
PM0200,O0200,Credit Card,Paid,747,2025-08-16
PM0201,O0201,Wallet,Paid,2895,2025-03-07
PM0202,O0202,Credit Card,Refunded,3309,2025-04-03
PM0203,O0203,Debit Card,Paid,3687,2025-07-12
PM0204,O0204,Wallet,Paid,4044,2025-04-01
PM0205,O0205,Debit Card,Paid,2650,2025-07-03
PM0206,O0206,Wallet,Paid,623,2025-01-21
PM0207,O0207,Credit Card,Paid,1998,2025-03-22
PM0208,O0208,Wallet,Paid,972,2025-03-23
PM0209,O0209,Cash,Paid,4156,2025-05-02
PM0210,O0210,Cash,Paid,3644,2025-04-07
PM0211,O0211,Cash,Refunded,1082,2025-02-03
PM0212,O0212,Cash,Paid,4938,2025-08-23
PM0213,O0213,Wallet,Paid,3858,2025-07-02
PM0214,O0214,Debit Card,Paid,2188,2025-07-26
PM0215,O0215,Cash,Paid,4567,2025-04-23
PM0216,O0216,Cash,Paid,4316,2025-03-22
PM0217,O0217,Cash,Paid,2695,2025-06-20
PM0218,O0218,Debit Card,Paid,3045,2025-07-08
PM0219,O0219,UPI,Paid,3195,2025-04-28
PM0220,O0220,Cash,Paid,1944,2025-04-27
PM0221,O0221,Cash,Refunded,2173,2025-06-22
PM0222,O0222,Debit Card,Paid,4033,2025-07-26
PM0223,O0223,Wallet,Paid,2711,2025-02-09
PM0224,O0224,Cash,Paid,863,2025-02-02
PM0225,O0225,Cash,Paid,4508,2025-04-10
PM0226,O0226,Wallet,Refunded,4723,2025-06-28
PM0227,O0227,UPI,Paid,3156,2025-07-15
PM0228,O0228,Cash,Paid,3156,2025-04-09
PM0229,O0229,Credit Card,Pending,1010,2025-09-04
PM0230,O0230,Cash,Paid,1009,2025-05-14
PM0231,O0231,Credit Card,Paid,4518,2025-03-14
PM0232,O0232,Debit Card,Paid,2843,2025-06-07
PM0233,O0233,Credit Card,Paid,1437,2025-02-05
PM0234,O0234,Credit Card,Paid,1546,2025-02-19
PM0235,O0235,Credit Card,Paid,2543,2025-06-24
PM0236,O0236,Credit Card,Pending,2115,2025-05-24
PM0237,O0237,UPI,Pending,4520,2025-07-05
PM0238,O0238,Wallet,Paid,3484,2025-05-14
PM0239,O0239,Wallet,Paid,4422,2025-03-04
PM0240,O0240,Debit Card,Paid,2680,2025-05-30
PM0241,O0241,Wallet,Paid,3337,2025-06-11
PM0242,O0242,Credit Card,Paid,2512,2025-07-03
PM0243,O0243,Debit Card,Paid,344,2025-07-18
PM0244,O0244,Debit Card,Paid,758,2025-02-06
PM0245,O0245,Wallet,Paid,4939,2025-04-30
PM0246,O0246,Debit Card,Refunded,884,2025-08-15
PM0247,O0247,Credit Card,Paid,4278,2025-07-16
PM0248,O0248,Cash,Paid,1006,2025-08-06
PM0249,O0249,Cash,Refunded,3714,2025-02-15
PM0250,O0250,UPI,Paid,4564,2025-09-05
PM0251,O0251,Credit Card,Paid,420,2025-03-10
PM0252,O0252,Cash,Paid,4072,2025-02-04
PM0253,O0253,Debit Card,Paid,2547,2025-01-26
PM0254,O0254,Cash,Paid,672,2025-08-30
PM0255,O0255,Credit Card,Paid,2266,2025-07-04
PM0256,O0256,Credit Card,Paid,3115,2025-08-02
PM0257,O0257,Cash,Paid,2172,2025-03-14
PM0258,O0258,Credit Card,Paid,2468,2025-06-11
PM0259,O0259,Cash,Paid,1457,2025-03-16
PM0260,O0260,Wallet,Paid,1022,2025-07-31
PM0261,O0261,Debit Card,Paid,4456,2025-01-24
PM0262,O0262,Cash,Paid,4663,2025-04-22
PM0263,O0263,Cash,Paid,4849,2025-06-05
PM0264,O0264,Cash,Paid,3162,2025-09-10
PM0265,O0265,Debit Card,Pending,2443,2025-05-29
PM0266,O0266,Credit Card,Paid,4936,2025-02-02
PM0267,O0267,UPI,Paid,1556,2025-01-30
PM0268,O0268,Cash,Paid,2940,2025-04-19
PM0269,O0269,Cash,Paid,4233,2025-08-28
PM0270,O0270,UPI,Paid,4470,2025-07-18
PM0271,O0271,Cash,Paid,1334,2025-05-11
PM0272,O0272,Cash,Paid,3505,2025-09-02
PM0273,O0273,Wallet,Paid,4953,2025-03-01
PM0274,O0274,Credit Card,Paid,315,2025-03-15
PM0275,O0275,Wallet,Paid,2246,2025-05-20
PM0276,O0276,Wallet,Paid,4627,2025-02-09
PM0277,O0277,Wallet,Paid,2490,2025-04-07
PM0278,O0278,Credit Card,Paid,2692,2025-05-25
PM0279,O0279,Cash,Paid,315,2025-01-20
PM0280,O0280,Wallet,Paid,3056,2025-03-16
PM0281,O0281,UPI,Paid,4968,2025-02-06
PM0282,O0282,UPI,Paid,4580,2025-05-28
PM0283,O0283,Debit Card,Paid,4128,2025-06-09
PM0284,O0284,Wallet,Paid,4919,2025-01-16
PM0285,O0285,Cash,Paid,4952,2025-05-13
PM0286,O0286,Cash,Paid,3137,2025-02-10
PM0287,O0287,UPI,Paid,1779,2025-02-14
PM0288,O0288,Credit Card,Paid,3997,2025-03-28
PM0289,O0289,UPI,Paid,799,2025-05-06
PM0290,O0290,Cash,Paid,2169,2025-08-01
PM0291,O0291,Credit Card,Paid,557,2025-09-11
PM0292,O0292,Cash,Paid,4346,2025-06-04
PM0293,O0293,Debit Card,Paid,2074,2025-03-04
PM0294,O0294,Credit Card,Pending,3832,2025-02-17
PM0295,O0295,Credit Card,Paid,616,2025-02-07
PM0296,O0296,Cash,Paid,1779,2025-09-04
PM0297,O0297,UPI,Paid,759,2025-04-28
PM0298,O0298,UPI,Paid,3222,2025-06-29
PM0299,O0299,UPI,Paid,4882,2025-08-24
PM0300,O0300,Credit Card,Paid,4446,2025-05-15
PM0301,O0301,Credit Card,Paid,3284,2025-05-19
PM0302,O0302,Wallet,Paid,608,2025-08-26
PM0303,O0303,UPI,Paid,1913,2025-06-25
PM0304,O0304,Cash,Refunded,578,2025-05-06
PM0305,O0305,Cash,Paid,2687,2025-03-23
PM0306,O0306,UPI,Paid,4430,2025-06-26
PM0307,O0307,UPI,Paid,4204,2025-04-02
PM0308,O0308,Credit Card,Paid,1263,2025-02-06
PM0309,O0309,Cash,Refunded,1521,2025-08-22
PM0310,O0310,Wallet,Paid,944,2025-03-17
PM0311,O0311,Cash,Paid,4712,2025-08-25
PM0312,O0312,Credit Card,Paid,243,2025-03-01
PM0313,O0313,Debit Card,Paid,3980,2025-08-30
PM0314,O0314,Cash,Paid,1801,2025-01-31
PM0315,O0315,Cash,Paid,1946,2025-03-08
PM0316,O0316,Debit Card,Paid,2818,2025-06-13
PM0317,O0317,Cash,Paid,2699,2025-03-26
PM0318,O0318,Credit Card,Paid,2763,2025-01-05
PM0319,O0319,Cash,Refunded,3858,2025-06-20
PM0320,O0320,UPI,Paid,2957,2025-03-24
PM0321,O0321,Wallet,Paid,3611,2025-06-16
PM0322,O0322,UPI,Paid,1891,2025-08-23
PM0323,O0323,Debit Card,Paid,3041,2025-08-06
PM0324,O0324,Credit Card,Paid,1079,2025-09-01
PM0325,O0325,UPI,Refunded,1906,2025-01-06
PM0326,O0326,UPI,Paid,462,2025-08-27
PM0327,O0327,Wallet,Refunded,4884,2025-05-15
PM0328,O0328,Credit Card,Paid,3031,2025-05-03
PM0329,O0329,UPI,Paid,1035,2025-02-14
PM0330,O0330,Credit Card,Paid,1605,2025-01-07
PM0331,O0331,Wallet,Refunded,3336,2025-06-23
PM0332,O0332,UPI,Refunded,863,2025-08-12
PM0333,O0333,UPI,Paid,3916,2025-05-13
PM0334,O0334,Credit Card,Paid,4867,2025-02-20
PM0335,O0335,Wallet,Paid,3894,2025-01-03
PM0336,O0336,Wallet,Paid,1454,2025-07-14
PM0337,O0337,Cash,Paid,2761,2025-07-05
PM0338,O0338,Credit Card,Paid,4136,2025-06-27
PM0339,O0339,Credit Card,Paid,2518,2025-03-25
PM0340,O0340,Debit Card,Paid,1549,2025-06-26
PM0341,O0341,UPI,Paid,4099,2025-06-12
PM0342,O0342,Wallet,Paid,609,2025-02-14
PM0343,O0343,Wallet,Paid,989,2025-04-20
PM0344,O0344,UPI,Paid,1087,2025-07-27
PM0345,O0345,UPI,Paid,2510,2025-06-24
PM0346,O0346,Wallet,Paid,1958,2025-04-26
PM0347,O0347,Wallet,Paid,3747,2025-08-25
PM0348,O0348,Wallet,Paid,4477,2025-08-25
PM0349,O0349,Cash,Paid,2160,2025-02-12
PM0350,O0350,Credit Card,Paid,2240,2025-02-04
PM0351,O0351,Debit Card,Refunded,2000,2025-01-28
PM0352,O0352,UPI,Pending,3613,2025-02-08
PM0353,O0353,Wallet,Refunded,3466,2025-01-20
PM0354,O0354,Debit Card,Pending,636,2025-04-12
PM0355,O0355,Debit Card,Paid,2684,2025-06-03
PM0356,O0356,Wallet,Paid,2331,2025-06-29
PM0357,O0357,Cash,Paid,4894,2025-08-30
PM0358,O0358,UPI,Paid,2779,2025-02-19
PM0359,O0359,Debit Card,Paid,2963,2025-08-21
PM0360,O0360,Wallet,Paid,3932,2025-01-26
PM0361,O0361,UPI,Paid,1043,2025-06-17
PM0362,O0362,Wallet,Paid,2043,2025-04-14
PM0363,O0363,Debit Card,Refunded,2010,2025-07-13
PM0364,O0364,Cash,Paid,4469,2025-04-19
PM0365,O0365,UPI,Paid,272,2025-05-02
PM0366,O0366,UPI,Paid,3772,2025-09-01
PM0367,O0367,UPI,Paid,727,2025-07-28
PM0368,O0368,Debit Card,Paid,4755,2025-03-08
PM0369,O0369,Wallet,Refunded,556,2025-01-09
PM0370,O0370,Credit Card,Paid,4727,2025-07-11
PM0371,O0371,UPI,Paid,2434,2025-05-21
PM0372,O0372,Cash,Refunded,2958,2025-05-09
PM0373,O0373,Debit Card,Paid,1183,2025-05-29
PM0374,O0374,Cash,Paid,1908,2025-03-23
PM0375,O0375,Debit Card,Paid,1633,2025-04-21
PM0376,O0376,Cash,Paid,2054,2025-09-02
PM0377,O0377,Debit Card,Paid,4869,2025-05-24
PM0378,O0378,Debit Card,Paid,2250,2025-07-23
PM0379,O0379,Debit Card,Paid,510,2025-02-12
PM0380,O0380,Credit Card,Paid,4981,2025-05-05
PM0381,O0381,UPI,Paid,803,2025-08-08
PM0382,O0382,Wallet,Paid,4842,2025-05-28
PM0383,O0383,Credit Card,Paid,1292,2025-02-07
PM0384,O0384,UPI,Paid,1461,2025-03-26
PM0385,O0385,Debit Card,Paid,2034,2025-01-27
PM0386,O0386,Credit Card,Paid,1546,2025-03-11
PM0387,O0387,Credit Card,Paid,3548,2025-01-16
PM0388,O0388,Credit Card,Paid,4483,2025-03-01
PM0389,O0389,Credit Card,Paid,4036,2025-09-07
PM0390,O0390,Cash,Paid,4315,2025-07-14
PM0391,O0391,Debit Card,Paid,1449,2025-07-02
PM0392,O0392,Cash,Paid,3428,2025-03-27
PM0393,O0393,UPI,Paid,4685,2025-05-21
PM0394,O0394,Wallet,Paid,798,2025-04-06
PM0395,O0395,Cash,Paid,2655,2025-01-27
PM0396,O0396,Wallet,Paid,3938,2025-04-05
PM0397,O0397,UPI,Paid,1902,2025-08-13
PM0398,O0398,UPI,Pending,1929,2025-03-11
PM0399,O0399,Credit Card,Paid,1856,2025-07-08
PM0400,O0400,Debit Card,Paid,1101,2025-03-26
PM0401,O0401,UPI,Pending,4793,2025-05-10
PM0402,O0402,Wallet,Paid,4915,2025-07-18
PM0403,O0403,Debit Card,Paid,2209,2025-02-16
PM0404,O0404,Credit Card,Pending,2634,2025-02-05
PM0405,O0405,Wallet,Paid,2791,2025-08-27
PM0406,O0406,Wallet,Paid,1855,2025-01-11
PM0407,O0407,Credit Card,Paid,4373,2025-04-21
PM0408,O0408,UPI,Paid,1271,2025-07-03
PM0409,O0409,Cash,Paid,326,2025-04-29
PM0410,O0410,Wallet,Paid,302,2025-08-22
PM0411,O0411,Cash,Paid,2598,2025-01-04
PM0412,O0412,Debit Card,Pending,4875,2025-01-07
PM0413,O0413,Cash,Paid,3408,2025-09-12
PM0414,O0414,Debit Card,Paid,546,2025-07-27
PM0415,O0415,Credit Card,Paid,2231,2025-02-12
PM0416,O0416,Wallet,Paid,4535,2025-03-11
PM0417,O0417,Credit Card,Paid,454,2025-04-06
PM0418,O0418,Debit Card,Paid,4991,2025-06-30
PM0419,O0419,Debit Card,Paid,1855,2025-01-28
PM0420,O0420,Wallet,Pending,451,2025-05-06
PM0421,O0421,Debit Card,Paid,2425,2025-01-24
PM0422,O0422,Wallet,Paid,1561,2025-05-28
PM0423,O0423,UPI,Paid,1543,2025-03-05
PM0424,O0424,UPI,Paid,1278,2025-03-15
PM0425,O0425,Debit Card,Paid,757,2025-08-21
PM0426,O0426,Credit Card,Paid,655,2025-08-26
PM0427,O0427,Cash,Paid,2489,2025-02-09
PM0428,O0428,UPI,Paid,2992,2025-03-23
PM0429,O0429,Credit Card,Paid,3552,2025-08-05
PM0430,O0430,Debit Card,Paid,885,2025-04-09
PM0431,O0431,Cash,Paid,944,2025-05-09
PM0432,O0432,Credit Card,Paid,4030,2025-04-22
PM0433,O0433,UPI,Paid,1098,2025-06-08
PM0434,O0434,Wallet,Paid,646,2025-09-06
PM0435,O0435,Wallet,Refunded,2738,2025-07-25
PM0436,O0436,Debit Card,Paid,3364,2025-05-25
PM0437,O0437,Wallet,Paid,2839,2025-06-24
PM0438,O0438,UPI,Paid,2111,2025-07-27
PM0439,O0439,UPI,Paid,853,2025-03-13
PM0440,O0440,Credit Card,Paid,3903,2025-03-23
PM0441,O0441,Wallet,Paid,4378,2025-09-04
PM0442,O0442,Wallet,Paid,2049,2025-02-01
PM0443,O0443,Credit Card,Paid,4281,2025-04-29
PM0444,O0444,Cash,Paid,1413,2025-02-01
PM0445,O0445,Cash,Paid,1202,2025-01-28
PM0446,O0446,Credit Card,Paid,4605,2025-01-05
PM0447,O0447,Wallet,Paid,1893,2025-07-06
PM0448,O0448,Debit Card,Paid,740,2025-05-19
PM0449,O0449,Credit Card,Paid,1800,2025-02-05
PM0450,O0450,Credit Card,Paid,3055,2025-02-12
PM0451,O0451,Debit Card,Paid,3962,2025-04-23
PM0452,O0452,Credit Card,Paid,415,2025-03-11
PM0453,O0453,Cash,Paid,2513,2025-06-12
PM0454,O0454,UPI,Paid,3587,2025-03-23
PM0455,O0455,Wallet,Paid,1715,2025-04-10
PM0456,O0456,Credit Card,Paid,4832,2025-07-31
PM0457,O0457,Wallet,Paid,4507,2025-03-28
PM0458,O0458,Debit Card,Paid,2587,2025-03-26
PM0459,O0459,UPI,Paid,3836,2025-07-10
PM0460,O0460,Debit Card,Refunded,1818,2025-07-25
PM0461,O0461,UPI,Paid,1743,2025-07-30
PM0462,O0462,Cash,Paid,1563,2025-02-26
PM0463,O0463,Credit Card,Paid,4467,2025-01-12
PM0464,O0464,Credit Card,Paid,410,2025-07-24
PM0465,O0465,Wallet,Paid,1146,2025-06-22
PM0466,O0466,Debit Card,Paid,983,2025-03-08
PM0467,O0467,Debit Card,Paid,1399,2025-01-24
PM0468,O0468,Debit Card,Paid,1407,2025-04-18
PM0469,O0469,Debit Card,Paid,3956,2025-01-10
PM0470,O0470,Debit Card,Paid,3822,2025-06-16
PM0471,O0471,Credit Card,Paid,3870,2025-02-12
PM0472,O0472,Cash,Paid,2479,2025-06-19
PM0473,O0473,Cash,Paid,2305,2025-09-08
PM0474,O0474,Cash,Paid,4075,2025-03-11
PM0475,O0475,Wallet,Paid,3502,2025-06-01
PM0476,O0476,Cash,Paid,2438,2025-04-08
PM0477,O0477,Credit Card,Paid,733,2025-02-13
PM0478,O0478,Credit Card,Paid,1652,2025-03-22
PM0479,O0479,Cash,Paid,3191,2025-08-05
PM0480,O0480,Debit Card,Paid,947,2025-04-01
PM0481,O0481,Cash,Paid,2197,2025-05-07
PM0482,O0482,Debit Card,Paid,3008,2025-07-05
PM0483,O0483,Credit Card,Paid,3198,2025-03-21
PM0484,O0484,UPI,Refunded,1327,2025-08-08
PM0485,O0485,Wallet,Paid,572,2025-08-28
PM0486,O0486,Credit Card,Paid,247,2025-05-22
PM0487,O0487,Wallet,Paid,3032,2025-09-04
PM0488,O0488,UPI,Paid,3337,2025-02-20
PM0489,O0489,UPI,Paid,2280,2025-01-12
PM0490,O0490,Debit Card,Paid,3908,2025-06-04
PM0491,O0491,Credit Card,Paid,1629,2025-02-23
PM0492,O0492,Wallet,Paid,2986,2025-01-27
PM0493,O0493,UPI,Pending,280,2025-02-21
PM0494,O0494,Debit Card,Paid,4469,2025-05-17
PM0495,O0495,Credit Card,Paid,3606,2025-06-10
PM0496,O0496,Cash,Paid,4245,2025-04-04
PM0497,O0497,Debit Card,Paid,1770,2025-08-29
PM0498,O0498,Cash,Paid,2268,2025-03-22
PM0499,O0499,Debit Card,Paid,4629,2025-02-21
PM0500,O0500,Wallet,Paid,3010,2025-04-13
