ProductID,ProductName,Category,Brand,Price,CostPrice
P001,Product1,Grocery,Apple,1837,1285
P002,Product2,Grocery,Goldstar,2888,2021
P003,Product3,Books,Samsung,2363,1654
P004,Product4,Fashion,Samsung,4332,3032
P005,Product5,Sports,CG,2077,1453
P006,Product6,Fashion,Sony,-100,3253
P007,Product7,Sports,CG,4000,2800
P008,Product8,Electronics,Apple,241,168
P009,Product9,,Sony,1915,1340
P010,Product10,Grocery,Sony,2093,1465
P011,Product11,Grocery,CG,4864,3404
P012,Product12,Books,Apple,4634,3243
P013,Product13,Books,Apple,3585,2509
P014,Product14,Sports,Apple,2982,2087
P015,Product15,Grocery,Nike,2611,1827
P016,Product16,Fashion,Apple,1088,761
P017,Product17,Books,Sony,1079,755
P018,Product18,Fashion,Nike,1616,1131
P019,Product19,Grocery,Sony,4066,2846
P020,Product20,Books,Goldstar,4929,3450
P021,Product21,Electronics,Nike,2418,1692
P022,Product22,Fashion,Apple,2526,1768
P023,Product23,Grocery,Samsung,1569,1098
P024,Product24,Fashion,Apple,4475,3132
P025,Product25,Electronics,Goldstar,472,330
P026,Product26,Fashion,Sony,2493,1745
P027,Product27,Electronics,Samsung,4121,2884
P028,Product28,Grocery,CG,4802,3361
P029,Product29,Sports,Apple,4021,2814
P030,Product30,Electronics,Apple,1610,1127
P031,Product31,Electronics,Samsung,4013,2809
P032,Product32,Sports,Samsung,3382,2367
P033,Product33,Electronics,Nike,4826,3378
P034,Product34,Books,Apple,1322,925
P035,Product35,Fashion,Samsung,797,557
P036,Product36,Sports,Goldstar,4671,3269
P037,Product37,Books,Nike,4983,3488
P038,Product38,Sports,CG,4380,3066
P039,Product39,Grocery,Goldstar,3726,2608
P040,Product40,Grocery,Goldstar,3612,2528
P041,Product41,Books,Sony,593,415
P042,Product42,Fashion,Sony,912,638
P043,Product43,Grocery,Sony,1828,1279
P044,Product44,Fashion,Nike,765,535
P045,Product45,Books,Samsung,1523,1066
P046,Product46,Electronics,CG,1382,967
P047,Product47,Books,CG,3790,2653
P048,Product48,Electronics,Nike,2485,1739
P049,Product49,Grocery,Sony,2460,1722
P050,Product50,Electronics,Sony,3819,2673
P051,Product51,Grocery,Sony,2012,1408
P052,Product52,Fashion,CG,4931,3451
P053,Product53,Books,Nike,1040,728
P054,Product54,Grocery,Nike,1320,923
P055,Product55,Electronics,Nike,684,478
P056,Product56,Books,Sony,2619,1833
P057,Product57,Grocery,CG,4762,3333
P058,Product58,Sports,Sony,1118,782
P059,Product59,Sports,Apple,2591,1813
P060,Product60,Books,CG,4199,2939
